itemid,label,fluid,category,lab_event_count,distinct_admissions,distinct_patients,abnormal_count,missing_numeric_value_count,first_charttime,last_charttime,abnormal_rate_pct,missing_numeric_value_rate_pct
50971,Potassium,Blood,Chemistry,3022,250,100,314,3,2110-04-08 11:11:00,2201-12-13 03:08:00,10.39,0.1
50983,Sodium,Blood,Chemistry,3007,250,100,656,0,2110-04-08 11:11:00,2201-12-13 03:08:00,21.82,0.0
50912,Creatinine,Blood,Chemistry,3003,250,100,1277,0,2110-04-11 18:02:00,2202-08-26 14:00:00,42.52,0.0
50902,Chloride,Blood,Chemistry,2981,250,100,866,0,2110-04-08 11:11:00,2201-12-13 03:08:00,29.05,0.0
51006,Urea Nitrogen,Blood,Chemistry,2974,250,100,1466,1,2110-04-11 18:02:00,2201-12-13 03:08:00,49.29,0.03
51221,Hematocrit,Blood,Hematology,2913,248,100,2426,5,2110-04-11 18:02:00,2201-12-14 07:20:00,83.28,0.17
50882,Bicarbonate,Blood,Chemistry,2863,246,100,715,0,2110-04-11 18:02:00,2201-12-13 03:08:00,24.97,0.0
50868,Anion Gap,Blood,Chemistry,2860,246,100,373,0,2110-04-11 18:02:00,2201-12-13 03:08:00,13.04,0.0
51265,Platelet Count,Blood,Hematology,2827,248,100,1257,7,2110-04-11 18:02:00,2201-12-14 07:20:00,44.46,0.25
51222,Hemoglobin,Blood,Hematology,2787,246,100,2394,2,2110-04-11 18:02:00,2201-12-14 07:20:00,85.9,0.07
51279,Red Blood Cells,Blood,Hematology,2760,245,100,2397,12,2110-04-11 18:02:00,2201-12-14 07:20:00,86.85,0.43
51249,MCHC,Blood,Hematology,2760,245,100,873,12,2110-04-11 18:02:00,2201-12-14 07:20:00,31.63,0.43
51250,MCV,Blood,Hematology,2760,245,100,675,12,2110-04-11 18:02:00,2201-12-14 07:20:00,24.46,0.43
51301,White Blood Cells,Blood,Hematology,2760,245,100,1398,1,2110-04-11 18:02:00,2201-12-14 07:20:00,50.65,0.04
51248,MCH,Blood,Hematology,2760,245,100,852,12,2110-04-11 18:02:00,2201-12-14 07:20:00,30.87,0.43
51277,RDW,Blood,Hematology,2760,245,100,1284,13,2110-04-11 18:02:00,2201-12-14 07:20:00,46.52,0.47
50931,Glucose,Blood,Chemistry,2711,246,100,2068,0,2110-04-11 18:02:00,2201-12-13 03:08:00,76.28,0.0
50960,Magnesium,Blood,Chemistry,2470,240,100,190,0,2110-04-11 18:02:00,2201-12-13 03:08:00,7.69,0.0
50893,"Calcium, Total",Blood,Chemistry,2377,236,99,1004,0,2110-04-11 18:02:00,2201-12-13 03:08:00,42.24,0.0
50970,Phosphate,Blood,Chemistry,2337,236,100,911,0,2110-04-11 18:02:00,2201-12-13 03:08:00,38.98,0.0
52172,RDW-SD,Blood,Hematology,1555,119,51,1158,13,2113-08-05 05:00:00,2201-08-12 10:40:00,74.47,0.84
51275,PTT,Blood,Hematology,1500,198,100,652,17,2110-04-11 18:02:00,2201-12-13 03:08:00,43.47,1.13
51237,INR(PT),Blood,Hematology,1481,205,100,1035,17,2110-04-11 18:02:00,2201-12-13 03:08:00,69.89,1.15
51274,PT,Blood,Hematology,1481,205,100,1016,17,2110-04-11 18:02:00,2201-12-13 03:08:00,68.6,1.15
50947,I,Blood,Chemistry,1300,79,34,0,0,2113-04-09 14:00:00,2201-08-12 10:40:00,0.0,0.0
51678,L,Blood,Chemistry,1300,79,34,0,0,2113-04-09 14:00:00,2201-08-12 10:40:00,0.0,0.0
50934,H,Blood,Chemistry,1300,79,34,1,0,2113-04-09 14:00:00,2201-08-12 10:40:00,0.08,0.0
50878,Asparate Aminotransferase (AST),Blood,Chemistry,1165,147,82,532,0,2110-11-30 16:15:00,2201-08-12 10:40:00,45.67,0.0
50885,"Bilirubin, Total",Blood,Chemistry,1164,148,80,239,18,2110-11-30 23:49:00,2201-08-12 10:40:00,20.53,1.55
50861,Alanine Aminotransferase (ALT),Blood,Chemistry,1163,146,82,388,4,2110-11-30 16:15:00,2201-08-12 10:40:00,33.36,0.34
50863,Alkaline Phosphatase,Blood,Chemistry,1138,144,81,312,0,2110-11-30 16:15:00,2201-08-12 10:40:00,27.42,0.0
52033,Specimen Type,Blood,Blood Gas,1033,106,78,0,1033,2110-11-30 16:43:00,2201-12-11 21:01:00,0.0,100.0
50820,pH,Blood,Blood Gas,966,101,78,489,0,2110-11-30 15:20:00,2201-12-11 21:01:00,50.62,0.0
51244,Lymphocytes,Blood,Hematology,943,141,91,594,4,2110-04-11 18:02:00,2201-10-30 11:30:00,62.99,0.42
51254,Monocytes,Blood,Hematology,943,141,91,284,4,2110-04-11 18:02:00,2201-10-30 11:30:00,30.12,0.42
51200,Eosinophils,Blood,Hematology,943,141,91,213,4,2110-04-11 18:02:00,2201-10-30 11:30:00,22.59,0.42
51146,Basophils,Blood,Hematology,943,141,91,120,5,2110-04-11 18:02:00,2201-10-30 11:30:00,12.73,0.53
51256,Neutrophils,Blood,Hematology,943,141,91,462,4,2110-04-11 18:02:00,2201-10-30 11:30:00,48.99,0.42
50804,Calculated Total CO2,Blood,Blood Gas,889,97,77,332,0,2110-11-30 15:20:00,2201-12-11 21:01:00,37.35,0.0
50821,pO2,Blood,Blood Gas,889,97,77,709,0,2110-11-30 15:20:00,2201-12-11 21:01:00,79.75,0.0
50802,Base Excess,Blood,Blood Gas,889,97,77,0,0,2110-11-30 15:20:00,2201-12-11 21:01:00,0.0,0.0
50818,pCO2,Blood,Blood Gas,889,97,77,471,0,2110-11-30 15:20:00,2201-12-11 21:01:00,52.98,0.0
50813,Lactate,Blood,Blood Gas,758,120,83,315,0,2110-11-30 05:07:00,2201-12-11 21:01:00,41.56,0.0
50920,Estimated GFR (MDRD equation),Blood,Chemistry,739,174,100,0,739,2110-04-11 18:02:00,2202-08-26 14:00:00,0.0,100.0
50954,Lactate Dehydrogenase (LD),Blood,Chemistry,663,98,59,380,0,2110-11-30 23:49:00,2201-07-09 23:19:00,57.32,0.0
50862,Albumin,Blood,Chemistry,625,129,80,273,0,2111-01-15 08:55:00,2201-11-02 03:31:00,43.68,0.0
52074,Absolute Monocyte Count,Blood,Hematology,569,72,45,362,4,2113-09-12 15:45:00,2201-08-12 10:40:00,63.62,0.7
52069,Absolute Basophil Count,Blood,Hematology,569,72,45,328,4,2113-09-12 15:45:00,2201-08-12 10:40:00,57.64,0.7
52075,Absolute Neutrophil Count,Blood,Hematology,569,72,45,354,4,2113-09-12 15:45:00,2201-08-12 10:40:00,62.21,0.7
52073,Absolute Eosinophil Count,Blood,Hematology,569,72,45,302,4,2113-09-12 15:45:00,2201-08-12 10:40:00,53.08,0.7
51133,Absolute Lymphocyte Count,Blood,Hematology,569,72,45,358,4,2113-09-12 15:45:00,2201-08-12 10:40:00,62.92,0.7
50808,Free Calcium,Blood,Blood Gas,509,79,66,266,0,2110-11-30 15:20:00,2201-12-11 21:01:00,52.26,0.0
51266,Platelet Smear,Blood,Hematology,454,61,39,119,454,2110-11-30 16:15:00,2201-03-23 16:20:00,26.21,100.0
51267,Poikilocytosis,Blood,Hematology,433,61,34,166,433,2110-11-30 16:15:00,2201-03-01 09:29:00,38.34,100.0
51137,Anisocytosis,Blood,Hematology,427,61,34,146,427,2110-11-30 16:15:00,2201-03-01 09:29:00,34.19,100.0
51268,Polychromasia,Blood,Hematology,426,61,34,117,426,2110-11-30 16:15:00,2199-06-30 11:40:00,27.46,100.0
51252,Microcytes,Blood,Hematology,418,61,34,72,418,2110-11-30 16:15:00,2199-06-30 11:40:00,17.22,100.0
51233,Hypochromia,Blood,Hematology,417,61,34,49,417,2110-11-30 16:15:00,2199-06-30 11:40:00,11.75,100.0
51246,Macrocytes,Blood,Hematology,415,60,34,60,415,2110-11-30 16:15:00,2201-03-01 09:29:00,14.46,100.0
51143,Atypical Lymphocytes,Blood,Hematology,404,51,30,83,0,2110-11-30 16:15:00,2201-03-23 16:20:00,20.54,0.0
51251,Metamyelocytes,Blood,Hematology,397,51,30,162,0,2110-11-30 16:15:00,2201-02-12 17:53:00,40.81,0.0
51255,Myelocytes,Blood,Hematology,396,50,30,144,0,2110-11-30 16:15:00,2201-02-12 17:53:00,36.36,0.0
51144,Bands,Blood,Hematology,395,50,30,42,0,2110-11-30 16:15:00,2199-06-30 11:40:00,10.63,0.0
51466,Blood,Urine,Hematology,339,127,86,26,339,2110-04-14 12:37:00,2201-11-16 15:20:00,7.67,100.0
51464,Bilirubin,Urine,Hematology,339,127,86,8,339,2110-04-14 12:37:00,2201-11-16 15:20:00,2.36,100.0
51487,Nitrite,Urine,Hematology,339,127,86,3,339,2110-04-14 12:37:00,2201-11-16 15:20:00,0.88,100.0
51491,pH,Urine,Hematology,339,127,86,7,0,2110-04-14 12:37:00,2201-11-16 15:20:00,2.06,0.0
51486,Leukocytes,Urine,Hematology,339,127,86,29,339,2110-04-14 12:37:00,2201-11-16 15:20:00,8.55,100.0
51478,Glucose,Urine,Hematology,339,127,86,21,271,2110-04-14 12:37:00,2201-11-16 15:20:00,6.19,79.94
51498,Specific Gravity,Urine,Hematology,339,127,86,20,9,2110-04-14 12:37:00,2201-11-16 15:20:00,5.9,2.65
51514,Urobilinogen,Urine,Hematology,339,127,86,46,278,2110-04-14 12:37:00,2201-11-16 15:20:00,13.57,82.01
51506,Urine Appearance,Urine,Hematology,339,127,86,25,339,2110-04-14 12:37:00,2201-11-16 15:20:00,7.37,100.0
51508,Urine Color,Urine,Hematology,339,127,86,3,339,2110-04-14 12:37:00,2201-11-16 15:20:00,0.88,100.0
51492,Protein,Urine,Hematology,339,127,86,43,164,2110-04-14 12:37:00,2201-11-16 15:20:00,12.68,48.38
51484,Ketone,Urine,Hematology,339,127,86,14,292,2110-04-14 12:37:00,2201-11-16 15:20:00,4.13,86.14
51087,Length of Urine Collection,Urine,Chemistry,302,81,66,0,299,2110-11-30 05:00:00,2201-11-06 04:45:00,0.0,99.01
50822,"Potassium, Whole Blood",Blood,Blood Gas,302,69,69,65,0,2110-11-30 05:07:00,2201-12-11 17:04:00,21.52,0.0
51007,Uric Acid,Blood,Chemistry,282,21,8,170,4,2112-09-17 20:30:00,2196-02-27 05:19:00,60.28,1.42
51003,Troponin T,Blood,Chemistry,278,83,59,123,145,2110-11-30 16:15:00,2201-07-10 08:30:00,44.24,52.16
50812,Intubated,Blood,Blood Gas,274,68,63,0,274,2110-11-30 16:43:00,2201-07-10 19:51:00,0.0,100.0
51476,Epithelial Cells,Urine,Hematology,267,107,76,0,60,2110-04-14 12:37:00,2201-11-05 02:30:00,0.0,22.47
51519,Yeast,Urine,Hematology,267,107,76,4,267,2110-04-14 12:37:00,2201-11-05 02:30:00,1.5,100.0
51463,Bacteria,Urine,Hematology,267,107,76,28,267,2110-04-14 12:37:00,2201-11-05 02:30:00,10.49,100.0
51493,RBC,Urine,Hematology,267,107,76,118,53,2110-04-14 12:37:00,2201-11-05 02:30:00,44.19,19.85
51516,WBC,Urine,Hematology,267,107,76,107,63,2110-04-14 12:37:00,2201-11-05 02:30:00,40.07,23.6
50809,Glucose,Blood,Blood Gas,262,55,58,218,2,2110-11-30 05:07:00,2201-12-11 17:04:00,83.21,0.76
52135,Immature Granulocytes,Blood,Hematology,227,42,39,33,1,2113-11-20 12:00:00,2201-08-12 10:40:00,14.54,0.44
50817,Oxygen Saturation,Blood,Blood Gas,223,59,61,0,0,2110-12-03 11:51:00,2201-12-11 17:04:00,0.0,0.0
51260,Ovalocytes,Blood,Hematology,218,42,20,115,218,2111-11-15 03:21:00,2201-03-01 09:29:00,52.75,100.0
50825,Temperature,Blood,Blood Gas,201,44,37,0,0,2110-11-30 16:43:00,2201-07-10 13:06:00,0.0,0.0
50910,Creatine Kinase (CK),Blood,Chemistry,200,66,59,88,0,2110-11-30 16:15:00,2201-07-10 08:30:00,44.0,0.0
50911,"Creatine Kinase, MB Isoenzyme",Blood,Chemistry,187,70,53,39,8,2110-11-30 23:49:00,2201-07-10 08:30:00,20.86,4.28
50976,"Protein, Total",Blood,Chemistry,181,17,29,42,0,2112-10-22 11:40:00,2199-06-30 11:40:00,23.2,0.0
51512,Urine Mucous,Urine,Hematology,179,77,68,22,179,2110-11-30 05:00:00,2201-11-05 02:30:00,12.29,100.0
51296,Teardrop Cells,Blood,Hematology,171,35,12,98,171,2112-09-17 20:30:00,2199-06-30 11:40:00,57.31,100.0
51214,"Fibrinogen, Functional",Blood,Hematology,166,52,47,95,2,2110-11-30 05:00:00,2196-02-27 05:19:00,57.23,1.2
50930,Globulin,Blood,Chemistry,163,7,20,6,0,2112-10-22 11:40:00,2199-06-30 11:40:00,3.68,0.0
51009,Vancomycin,Blood,Chemistry,153,54,33,63,1,2112-10-07 06:10:00,2201-11-16 07:17:00,41.18,0.65
50810,"Hematocrit, Calculated",Blood,Blood Gas,143,46,52,0,0,2110-11-30 15:20:00,2201-12-11 17:04:00,0.0,0.0
50811,Hemoglobin,Blood,Blood Gas,143,46,52,123,0,2110-11-30 15:20:00,2201-12-11 17:04:00,86.01,0.0
50824,"Sodium, Whole Blood",Blood,Blood Gas,141,53,57,32,0,2110-11-30 05:07:00,2201-12-11 17:04:00,22.7,0.0
50933,Green Top Hold (plasma),Blood,Chemistry,137,30,52,0,137,2114-03-19 18:10:00,2201-10-30 11:30:00,0.0,100.0
50816,Oxygen,Blood,Blood Gas,137,31,30,0,0,2111-11-14 02:03:00,2196-02-26 21:29:00,0.0,0.0
50979,Red Top Hold,Blood,Chemistry,133,37,42,0,133,2113-01-28 09:25:00,2201-07-10 08:30:00,0.0,100.0
50819,PEEP,Blood,Blood Gas,130,26,26,0,0,2111-11-15 12:13:00,2196-02-27 01:58:00,0.0,0.0
50956,Lipase,Blood,Chemistry,126,41,46,40,0,2110-11-30 05:00:00,2199-02-17 15:20:00,31.75,0.0
50993,Thyroid Stimulating Hormone,Blood,Chemistry,120,39,41,36,4,2110-06-08 15:00:00,2201-07-07 22:30:00,30.0,3.33
50852,% Hemoglobin A1c,Blood,Chemistry,117,28,44,82,0,2110-05-04 17:17:00,2201-03-01 09:29:00,70.09,0.0
51613,eAG,Blood,Chemistry,117,28,44,82,0,2110-05-04 17:17:00,2201-03-01 09:29:00,70.09,0.0
51257,Nucleated Red Cells,Blood,Hematology,115,22,16,114,0,2112-09-17 20:30:00,2196-02-24 12:40:00,99.13,0.0
50887,Blue Top Hold,Blood,Chemistry,114,35,42,0,114,2111-01-15 08:55:00,2201-07-10 08:30:00,0.0,100.0
50827,Ventilation Rate,Blood,Blood Gas,109,29,29,0,109,2110-11-30 16:43:00,2196-02-26 21:29:00,0.0,100.0
51148,Blasts,Blood,Hematology,107,10,3,103,0,2112-09-17 20:30:00,2155-11-23 09:06:00,96.26,0.0
51082,"Creatinine, Urine",Urine,Chemistry,106,48,35,0,0,2111-06-22 10:37:00,2192-05-11 20:30:00,0.0,0.0
50806,"Chloride, Whole Blood",Blood,Blood Gas,101,46,52,29,0,2110-11-30 05:07:00,2201-12-11 17:04:00,28.71,0.0
50955,Light Green Top Hold,Blood,Chemistry,101,17,39,0,101,2110-11-30 05:00:00,2200-09-17 19:40:00,0.0,100.0
51482,Hyaline Casts,Urine,Hematology,97,45,45,97,0,2110-11-30 05:00:00,2201-07-10 11:55:00,100.0,0.0
50826,Tidal Volume,Blood,Blood Gas,96,26,26,0,0,2111-11-14 02:03:00,2196-02-25 21:58:00,0.0,0.0
51287,Schistocytes,Blood,Hematology,89,29,12,38,89,2111-11-15 03:21:00,2187-02-24 07:30:00,42.7,100.0
51100,"Sodium, Urine",Urine,Chemistry,87,53,35,0,20,2111-07-24 14:50:00,2192-05-11 20:30:00,0.0,22.99
51103,Uhold,Urine,Chemistry,83,27,38,0,83,2111-11-14 10:09:00,2201-11-06 04:45:00,0.0,100.0
50828,Ventilator,Blood,Blood Gas,82,37,35,0,82,2110-11-30 16:43:00,2196-02-26 21:29:00,0.0,100.0
51000,Triglycerides,Blood,Chemistry,78,23,38,33,0,2111-01-16 07:02:00,2201-06-03 13:35:00,42.31,0.0
50963,NTproBNP,Blood,Chemistry,76,22,27,66,2,2111-05-16 12:40:00,2201-07-07 13:00:00,86.84,2.63
50924,Ferritin,Blood,Chemistry,76,33,32,54,0,2112-10-02 11:30:00,2197-12-25 09:53:00,71.05,0.0
50935,Haptoglobin,Blood,Chemistry,75,25,22,39,20,2111-11-15 08:41:00,2196-02-24 17:41:00,52.0,26.67
51093,"Osmolality, Urine",Urine,Chemistry,69,47,32,0,0,2111-07-24 14:50:00,2192-05-11 20:30:00,0.0,0.0
52111,Echinocytes,Blood,Hematology,67,21,15,34,67,2115-09-27 22:21:00,2199-06-30 11:40:00,50.75,100.0
50919,EDTA Hold,Blood,Chemistry,62,18,25,0,62,2112-09-17 20:30:00,2201-08-12 10:40:00,0.0,100.0
50904,"Cholesterol, HDL",Blood,Chemistry,61,13,30,6,2,2111-01-16 07:02:00,2201-06-03 13:35:00,9.84,3.28
50907,"Cholesterol, Total",Blood,Chemistry,61,13,29,27,0,2111-01-16 07:02:00,2201-06-03 13:35:00,44.26,0.0
51259,Other Cells,Blood,Hematology,60,9,4,45,0,2112-09-17 20:30:00,2155-05-22 15:13:00,75.0,0.0
50903,Cholesterol Ratio (Total/HDL),Blood,Chemistry,58,12,29,0,0,2111-01-16 07:02:00,2201-06-03 13:35:00,0.0,0.0
50952,Iron,Blood,Chemistry,58,31,30,35,0,2112-10-02 11:30:00,2198-11-16 10:25:00,60.34,0.0
51078,"Chloride, Urine",Urine,Chemistry,56,33,30,0,8,2111-07-24 14:50:00,2189-05-23 16:03:00,0.0,14.29
51107,"Urine tube, held",Urine,Chemistry,53,15,33,0,53,2110-11-30 05:12:00,2201-07-07 14:20:00,0.0,100.0
50998,Transferrin,Blood,Chemistry,53,29,29,34,0,2112-10-02 11:30:00,2198-11-16 10:25:00,64.15,0.0
50953,"Iron Binding Capacity, Total",Blood,Chemistry,53,29,29,34,0,2112-10-02 11:30:00,2198-11-16 10:25:00,64.15,0.0
50883,"Bilirubin, Direct",Blood,Chemistry,53,22,18,43,0,2111-11-13 23:36:00,2196-04-06 12:00:00,81.13,0.0
51097,"Potassium, Urine",Urine,Chemistry,53,32,29,0,1,2111-07-24 14:50:00,2189-05-23 16:03:00,0.0,1.89
50905,"Cholesterol, LDL, Calculated",Blood,Chemistry,52,11,29,13,0,2111-01-16 07:02:00,2201-06-03 13:35:00,25.0,0.0
51104,"Urea Nitrogen, Urine",Urine,Chemistry,51,31,24,0,0,2111-07-25 08:00:00,2189-05-23 16:03:00,0.0,0.0
51010,Vitamin B12,Blood,Chemistry,49,23,23,14,6,2111-02-03 12:06:00,2199-09-07 14:14:00,28.57,12.24
50981,Salicylate,Blood,Chemistry,48,11,28,0,47,2110-11-30 05:00:00,2201-07-07 22:30:00,0.0,97.92
50884,"Bilirubin, Indirect",Blood,Chemistry,47,21,18,0,2,2111-11-13 23:36:00,2196-04-06 12:00:00,0.0,4.26
50856,Acetaminophen,Blood,Chemistry,46,10,26,1,45,2110-11-30 05:00:00,2201-03-23 16:20:00,2.17,97.83
50922,Ethanol,Blood,Chemistry,46,9,26,12,34,2110-11-30 05:00:00,2201-03-23 16:20:00,26.09,73.91
50999,Tricyclic Antidepressant Screen,Blood,Chemistry,45,9,26,0,45,2110-11-30 05:00:00,2201-03-23 16:20:00,0.0,100.0
51197,Elliptocytes,Blood,Hematology,44,6,4,37,44,2135-01-04 04:33:00,2177-07-15 02:48:00,84.09,100.0
50889,C-Reactive Protein,Blood,Chemistry,44,17,19,32,2,2113-10-16 09:05:00,2192-08-04 06:44:00,72.73,4.55
51501,Transitional Epithelial Cells,Urine,Hematology,43,22,29,0,34,2110-11-30 05:00:00,2201-11-05 02:30:00,0.0,79.07
51269,Promyelocytes,Blood,Hematology,43,8,3,43,0,2112-09-17 20:30:00,2155-11-21 09:35:00,100.0,0.0
52023,Assist/Control,Blood,Blood Gas,42,19,21,0,42,2115-10-10 03:36:00,2196-02-26 03:45:00,0.0,100.0
50867,Amylase,Blood,Chemistry,41,19,25,14,0,2110-11-30 16:15:00,2196-04-06 12:00:00,34.15,0.0
50986,tacroFK,Blood,Chemistry,41,1,1,4,1,2112-12-11 09:02:00,2113-11-04 13:20:00,9.76,2.44
51283,"Reticulocyte Count, Automated",Blood,Hematology,39,22,17,21,1,2112-09-17 20:30:00,2199-09-07 14:14:00,53.85,2.56
51079,"Cocaine, Urine",Urine,Chemistry,37,10,21,2,37,2110-11-30 05:00:00,2201-03-23 16:20:00,5.41,100.0
50880,Benzodiazepine Screen,Blood,Chemistry,36,9,25,0,36,2110-11-30 05:00:00,2199-02-17 15:20:00,0.0,100.0
51092,"Opiate Screen, Urine",Urine,Chemistry,36,9,20,2,36,2110-11-30 05:00:00,2201-03-23 16:20:00,5.56,100.0
51071,"Amphetamine Screen, Urine",Urine,Chemistry,35,10,21,1,35,2110-11-30 05:00:00,2201-03-23 16:20:00,2.86,100.0
50879,Barbiturate Screen,Blood,Chemistry,35,8,25,0,35,2110-11-30 05:00:00,2199-02-17 15:20:00,0.0,100.0
51292,Spherocytes,Blood,Hematology,34,14,4,17,34,2112-09-27 00:00:00,2155-07-13 20:10:00,50.0,100.0
51074,"Barbiturate Screen, Urine",Urine,Chemistry,34,9,20,0,34,2110-11-30 05:00:00,2201-03-23 16:20:00,0.0,100.0
51075,"Benzodiazepine Screen, Urine",Urine,Chemistry,34,9,20,1,34,2110-11-30 05:00:00,2201-03-23 16:20:00,2.94,100.0
50995,"Thyroxine (T4), Free",Blood,Chemistry,33,8,14,7,0,2113-11-20 08:12:00,2181-06-20 14:00:00,21.21,0.0
51145,Basophilic Stippling,Blood,Hematology,33,15,7,16,33,2111-11-15 03:21:00,2187-02-26 07:05:00,48.48,100.0
51090,"Methadone, Urine",Urine,Chemistry,33,8,20,0,33,2110-11-30 05:00:00,2201-03-23 16:20:00,0.0,100.0
50853,25-OH Vitamin D,Blood,Chemistry,33,6,17,18,0,2111-05-16 12:40:00,2200-10-07 16:30:00,54.55,0.0
50909,Cortisol,Blood,Chemistry,31,13,11,13,0,2112-11-12 06:20:00,2196-02-24 12:40:00,41.94,0.0
50908,CK-MB Index,Blood,Chemistry,31,11,13,15,0,2110-11-30 23:49:00,2196-02-24 12:40:00,48.39,0.0
50964,"Osmolality, Measured",Blood,Chemistry,30,18,13,12,0,2115-11-19 12:21:00,2198-04-17 15:27:00,40.0,0.0
50925,Folate,Blood,Chemistry,29,14,13,0,9,2114-03-20 05:13:00,2199-09-07 14:14:00,0.0,31.03
50823,Required O2,Blood,Blood Gas,28,9,10,0,0,2113-09-14 10:41:00,2196-02-24 19:10:00,0.0,0.0
50801,Alveolar-arterial Gradient,Blood,Blood Gas,28,9,10,0,0,2113-09-14 10:41:00,2196-02-24 19:10:00,0.0,0.0
52171,RBC Morphology,Blood,Hematology,28,4,2,26,28,2150-02-05 01:00:00,2201-03-23 16:20:00,92.86,100.0
51282,"Reticulocyte Count, Absolute",Blood,Hematology,28,13,12,8,1,2115-10-02 05:05:00,2199-09-07 14:14:00,28.57,3.57
51069,"Albumin, Urine",Urine,Chemistry,26,2,10,0,6,2111-06-22 10:37:00,2191-01-28 01:36:00,0.0,23.08
50950,Immunoglobulin G,Blood,Chemistry,26,16,14,8,0,2112-11-14 16:30:00,2177-07-15 09:19:00,30.77,0.0
50940,Hepatitis B Surface Antibody,Blood,Chemistry,25,14,15,0,25,2112-11-14 16:30:00,2192-08-01 04:35:00,0.0,100.0
50941,Hepatitis B Surface Antigen,Blood,Chemistry,24,14,15,0,24,2112-09-17 20:30:00,2192-08-01 04:35:00,0.0,100.0
51462,Amorphous Crystals,Urine,Hematology,24,15,19,1,24,2111-11-14 10:09:00,2199-02-17 18:34:00,4.17,100.0
50943,Hepatitis C Virus Antibody,Blood,Chemistry,23,14,15,0,23,2112-09-17 20:30:00,2192-05-15 07:45:00,0.0,100.0
51070,"Albumin/Creatinine, Urine",Urine,Chemistry,23,2,8,12,3,2111-06-22 10:37:00,2191-01-28 01:36:00,52.17,13.04
50917,Digoxin,Blood,Chemistry,23,8,5,10,0,2115-10-09 20:50:00,2177-01-07 14:47:00,43.48,0.0
51518,WBC Clumps,Urine,Hematology,22,12,10,10,22,2116-06-26 23:15:00,2182-11-20 13:40:00,45.45,100.0
50942,Hepatitis B Virus Core Antibody,Blood,Chemistry,22,12,13,0,22,2112-09-17 20:30:00,2192-08-01 04:35:00,0.0,100.0
51120,Monocytes,Ascites,Hematology,21,10,6,13,0,2111-11-14 06:50:00,2180-08-06 00:30:00,61.9,0.0
52065,"Total Nucleated Cells, Ascites",Ascites,Hematology,21,10,6,21,0,2111-11-14 06:50:00,2180-08-06 00:30:00,100.0,0.0
50949,Immunoglobulin A,Blood,Chemistry,21,13,13,4,0,2112-11-14 16:30:00,2182-12-11 11:57:00,19.05,0.0
51125,Polys,Ascites,Hematology,21,10,6,20,0,2111-11-14 06:50:00,2180-08-06 00:30:00,95.24,0.0
51116,Lymphocytes,Ascites,Hematology,21,10,6,21,0,2111-11-14 06:50:00,2180-08-06 00:30:00,100.0,0.0
50951,Immunoglobulin M,Blood,Chemistry,20,12,13,4,0,2112-11-14 16:30:00,2177-07-15 09:19:00,20.0,0.0
51127,"RBC, Ascites",Ascites,Hematology,19,10,6,19,0,2111-11-14 06:50:00,2180-08-06 00:30:00,100.0,0.0
51288,Sedimentation Rate,Blood,Hematology,19,4,8,17,0,2114-06-17 08:57:00,2188-10-03 11:30:00,89.47,0.0
51117,Macrophage,Ascites,Hematology,19,9,6,19,0,2111-11-14 06:50:00,2180-08-06 00:30:00,100.0,0.0
50815,O2 Flow,Blood,Blood Gas,19,13,14,0,0,2110-12-03 13:05:00,2201-07-10 13:06:00,0.0,0.0
51085,"HCG, Urine, Qualitative",Urine,Chemistry,18,5,9,0,18,2110-11-30 05:00:00,2199-02-17 18:34:00,0.0,100.0
51102,"Total Protein, Urine",Urine,Chemistry,18,12,12,0,1,2111-07-25 08:00:00,2192-05-11 20:30:00,0.0,5.56
51479,Granular Casts,Urine,Hematology,18,9,13,17,1,2110-11-30 05:00:00,2196-02-29 05:37:00,94.44,5.56
51194,"CD8 Cells, Percent",Blood,Hematology,17,1,2,0,1,2112-11-15 09:00:00,2201-08-12 10:40:00,0.0,5.88
51176,"CD3 Cells, Percent",Blood,Hematology,17,1,2,0,1,2112-11-15 09:00:00,2201-08-12 10:40:00,0.0,5.88
50946,Human Chorionic Gonadotropin,Blood,Chemistry,17,2,5,0,13,2125-03-19 13:20:00,2193-08-05 15:30:00,0.0,76.47
51180,"CD4 Cells, Percent",Blood,Hematology,17,1,2,0,1,2112-11-15 09:00:00,2201-08-12 10:40:00,0.0,5.88
51181,CD4/CD8 Ratio,Blood,Hematology,16,0,1,16,0,2192-09-20 10:55:00,2201-08-12 10:40:00,100.0,0.0
51300,WBC Count,Blood,Hematology,16,0,1,12,0,2192-09-20 10:55:00,2201-08-12 10:40:00,75.0,0.0
50975,Protein Electrophoresis,Blood,Chemistry,16,9,13,0,16,2113-11-20 12:00:00,2191-09-18 16:20:00,0.0,100.0
51132,Absolute CD8 Count,Blood,Hematology,16,0,1,10,0,2192-09-20 10:55:00,2201-08-12 10:40:00,62.5,0.0
51130,Absolute CD3 Count,Blood,Hematology,16,0,1,1,0,2192-09-20 10:55:00,2201-08-12 10:40:00,6.25,0.0
52769,Absolute Lymphocyte Count,Blood,Hematology,16,0,1,0,0,2192-09-20 10:55:00,2201-08-12 10:40:00,0.0,0.0
53153,HIV Screen,Blood,Chemistry,16,12,14,0,16,2111-02-03 12:06:00,2191-09-18 16:20:00,0.0,100.0
51131,Absolute CD4 Count,Blood,Hematology,16,0,1,16,0,2192-09-20 10:55:00,2201-08-12 10:40:00,100.0,0.0
51989,Oxycodone,Urine,Chemistry,16,5,9,0,16,2115-09-29 03:44:00,2201-03-23 16:20:00,0.0,100.0
51245,"Lymphocytes, Percent",Blood,Hematology,16,0,1,5,0,2192-09-20 10:55:00,2201-08-12 10:40:00,31.25,0.0
51752,Voided Specimen,Blood,Chemistry,15,6,8,0,15,2134-09-15 08:07:00,2174-12-09 07:00:00,0.0,100.0
51734,STX3,Blood,Chemistry,15,3,6,0,12,2133-03-01 21:00:00,2201-03-23 16:20:00,0.0,80.0
51865,Influenza A by PCR,Other Body Fluid,Chemistry,15,6,6,0,15,2114-11-17 16:20:00,2189-06-09 16:31:00,0.0,100.0
51706,Problem Specimen,Blood,Chemistry,15,9,14,0,15,2113-02-04 09:30:00,2199-06-30 11:40:00,0.0,100.0
51733,STX2,Blood,Chemistry,15,3,6,0,12,2133-03-01 21:00:00,2201-03-23 16:20:00,0.0,80.0
51873,Influenza B by PCR,Other Body Fluid,Chemistry,15,6,6,0,15,2114-11-17 16:20:00,2189-06-09 16:31:00,0.0,100.0
51099,Protein/Creatinine Ratio,Urine,Chemistry,15,10,9,11,0,2114-03-22 03:02:00,2192-05-11 20:30:00,73.33,0.0
51147,Bite Cells,Blood,Hematology,15,7,5,10,15,2112-10-09 08:00:00,2187-02-26 07:05:00,66.67,100.0
50849,"Total Protein, Ascites",Ascites,Chemistry,15,7,6,0,0,2111-11-14 06:50:00,2180-08-06 00:30:00,0.0,0.0
51134,Acanthocytes,Blood,Hematology,14,8,5,4,14,2117-01-14 14:20:00,2187-02-26 07:05:00,28.57,100.0
51737,STX6,Blood,Chemistry,14,2,6,0,0,2133-03-01 21:00:00,2201-03-23 16:20:00,0.0,0.0
51732,STX1,Blood,Chemistry,14,2,6,0,14,2133-03-01 21:00:00,2201-03-23 16:20:00,0.0,100.0
51219,H/O Smear,Blood,Hematology,14,3,4,0,14,2115-11-08 13:00:00,2155-07-12 06:00:00,0.0,100.0
50994,Thyroxine (T4),Blood,Chemistry,13,8,11,2,0,2113-11-20 08:12:00,2176-12-18 05:55:00,15.38,0.0
50965,Parathyroid Hormone,Blood,Chemistry,13,5,9,5,0,2116-06-25 14:40:00,2191-01-27 06:25:00,38.46,0.0
51436,Polys,Other Body Fluid,Hematology,13,9,9,13,0,2112-11-15 11:45:00,2179-04-03 08:52:00,100.0,0.0
51431,Monos,Other Body Fluid,Hematology,13,9,9,8,0,2112-11-15 11:45:00,2179-04-03 08:52:00,61.54,0.0
50967,Phenytoin,Blood,Chemistry,13,4,4,8,0,2117-03-17 16:00:00,2187-05-19 03:54:00,61.54,0.0
51216,Fragmented Cells,Blood,Hematology,13,4,4,10,13,2155-05-17 12:14:00,2177-07-15 09:19:00,76.92,100.0
50803,"Calculated Bicarbonate, Whole Blood",Blood,Blood Gas,13,3,10,4,0,2110-11-30 05:07:00,2194-11-14 16:08:00,30.77,0.0
50835,"Albumin, Ascites",Ascites,Chemistry,13,7,6,0,4,2111-11-14 06:50:00,2180-05-07 10:11:00,0.0,30.77
51001,Triiodothyronine (T3),Blood,Chemistry,13,2,7,1,0,2113-11-20 08:12:00,2181-06-20 14:00:00,7.69,0.0
51427,Lymphocytes,Other Body Fluid,Hematology,13,9,9,11,0,2112-11-15 11:45:00,2179-04-03 08:52:00,84.62,0.0
51118,Mesothelial Cell,Ascites,Hematology,12,8,6,11,0,2111-11-14 06:50:00,2180-08-06 00:30:00,91.67,0.0
52007,UTX4,Urine,Chemistry,12,3,6,0,0,2133-03-01 17:13:00,2201-03-23 16:20:00,0.0,0.0
52006,UTX3,Urine,Chemistry,12,3,6,0,0,2133-03-01 17:13:00,2201-03-23 16:20:00,0.0,0.0
50873,Anti-Nuclear Antibody,Blood,Chemistry,11,7,11,0,11,2113-08-28 07:07:00,2174-12-04 22:02:00,0.0,100.0
51294,Target Cells,Blood,Hematology,11,7,5,0,11,2115-10-08 05:39:00,2146-07-09 01:28:00,0.0,100.0
50906,"Cholesterol, LDL, Measured",Blood,Chemistry,11,3,6,3,0,2113-12-23 13:00:00,2180-09-13 16:18:00,27.27,0.0
50974,Prostate Specific Antigen,Blood,Chemistry,10,1,8,1,0,2113-01-25 09:00:00,2200-01-21 11:12:00,10.0,0.0
52008,UTX5,Urine,Chemistry,10,3,6,0,0,2133-03-01 17:13:00,2201-03-23 16:20:00,0.0,0.0
52004,UTX1,Urine,Chemistry,10,3,6,0,0,2133-03-01 17:13:00,2201-03-23 16:20:00,0.0,0.0
50864,Alpha-Fetoprotein,Blood,Chemistry,10,3,7,0,0,2115-09-28 13:18:00,2180-08-10 12:00:00,0.0,0.0
52005,UTX2,Urine,Chemistry,10,3,6,0,0,2133-03-01 17:13:00,2201-03-23 16:20:00,0.0,0.0
51338,Immunophenotyping,Bone Marrow,Hematology,10,3,2,0,10,2112-09-18 10:32:00,2155-07-11 16:30:00,0.0,100.0
51657,HPE1,Blood,Chemistry,9,5,6,0,0,2115-11-08 13:00:00,2192-08-01 04:35:00,0.0,0.0
52391,"Total Nucleated Cells, Pleural",Pleural,Hematology,9,7,8,9,0,2116-12-27 16:27:00,2174-07-20 10:17:00,100.0,0.0
51059,"Total Protein, Pleural",Pleural,Chemistry,9,7,8,0,0,2116-12-27 16:27:00,2174-07-20 10:17:00,0.0,0.0
50900,Carcinoembyronic Antigen (CEA),Blood,Chemistry,9,5,9,3,1,2115-09-28 13:18:00,2185-06-16 02:30:00,33.33,11.11
51054,"Lactate Dehydrogenase, Pleural",Pleural,Chemistry,9,7,8,0,0,2116-12-27 16:27:00,2174-07-20 10:17:00,0.0,0.0
52009,UTX6,Urine,Chemistry,9,2,6,0,0,2133-03-01 17:13:00,2201-03-23 16:20:00,0.0,0.0
52010,UTX7,Urine,Chemistry,9,2,6,0,0,2133-03-01 17:13:00,2201-03-23 16:20:00,0.0,0.0
51663,HPE7,Blood,Chemistry,9,4,6,0,0,2115-11-08 13:00:00,2192-05-15 07:45:00,0.0,0.0
50915,D-Dimer,Blood,Chemistry,9,5,9,6,2,2112-09-17 20:30:00,2201-07-07 14:10:00,66.67,22.22
51659,HPE3,Blood,Chemistry,9,5,6,0,0,2115-11-08 13:00:00,2192-08-01 04:35:00,0.0,0.0
51658,HPE2,Blood,Chemistry,9,5,6,0,5,2115-11-08 13:00:00,2192-08-01 04:35:00,0.0,55.56
50842,"Glucose, Ascites",Ascites,Chemistry,9,5,5,0,0,2115-09-30 15:38:00,2180-08-06 00:30:00,0.0,0.0
51455,Polys,Pleural,Hematology,9,7,8,9,0,2116-12-27 16:27:00,2174-07-20 10:17:00,100.0,0.0
51434,Other Cell,Other Body Fluid,Hematology,9,7,6,9,0,2112-11-15 11:45:00,2179-04-03 08:52:00,100.0,0.0
51450,Monos,Pleural,Hematology,9,7,8,5,0,2116-12-27 16:27:00,2174-07-20 10:17:00,55.56,0.0
51446,Lymphocytes,Pleural,Hematology,9,7,8,8,0,2116-12-27 16:27:00,2174-07-20 10:17:00,88.89,0.0
51428,Macrophage,Other Body Fluid,Hematology,9,6,6,9,0,2112-11-15 11:45:00,2179-04-03 08:52:00,100.0,0.0
51457,"RBC, Pleural",Pleural,Hematology,9,7,8,9,0,2116-12-27 16:27:00,2174-07-20 10:17:00,100.0,0.0
52272,Monocytes,Cerebrospinal Fluid,Hematology,8,4,6,0,0,2114-03-23 18:21:00,2201-11-11 13:35:00,0.0,0.0
52281,Polys,Cerebrospinal Fluid,Hematology,8,4,6,0,0,2114-03-23 18:21:00,2201-11-11 13:35:00,0.0,0.0
52264,Lymphs,Cerebrospinal Fluid,Hematology,8,4,6,0,0,2114-03-23 18:21:00,2201-11-11 13:35:00,0.0,0.0
50937,Hepatitis A Virus Antibody,Blood,Chemistry,8,5,8,0,8,2113-08-28 07:07:00,2191-09-18 16:20:00,0.0,100.0
50948,Immunofixation,Blood,Chemistry,8,7,7,0,8,2136-11-09 05:45:00,2177-07-15 09:19:00,0.0,100.0
52285,"RBC, CSF",Cerebrospinal Fluid,Hematology,8,4,6,8,0,2114-03-23 18:21:00,2201-11-11 13:35:00,100.0,0.0
52286,"Total Nucleated Cells, CSF",Cerebrospinal Fluid,Hematology,8,4,6,1,0,2114-03-23 18:21:00,2201-11-11 13:35:00,12.5,0.0
51053,"Glucose, Pleural",Pleural,Chemistry,8,6,7,0,0,2116-12-27 16:27:00,2174-07-20 10:17:00,0.0,0.0
50831,pH,Other Body Fluid,Blood Gas,8,5,6,0,0,2125-03-20 14:18:00,2174-07-20 10:50:00,0.0,0.0
51802,"Total Protein, CSF",Cerebrospinal Fluid,Chemistry,7,4,6,3,0,2114-03-23 18:21:00,2201-11-11 13:35:00,42.86,0.0
50805,Carboxyhemoglobin,Blood,Blood Gas,7,1,7,1,0,2119-10-26 06:25:00,2196-02-24 12:40:00,14.29,0.0
51790,"Glucose, CSF",Cerebrospinal Fluid,Chemistry,7,4,6,0,0,2114-03-23 18:21:00,2201-11-11 13:35:00,0.0,0.0
51448,Mesothelial Cells,Pleural,Hematology,7,6,6,6,0,2116-12-27 16:27:00,2156-04-21 10:42:00,85.71,0.0
50843,"Lactate Dehydrogenase, Ascites",Ascites,Chemistry,7,6,5,0,0,2115-09-30 15:38:00,2180-05-07 10:11:00,0.0,0.0
51447,Macrophages,Pleural,Hematology,7,6,6,7,0,2116-12-27 16:27:00,2156-04-21 10:42:00,100.0,0.0
51236,Inpatient Hematology/Oncology Smear,Blood,Hematology,7,6,6,0,7,2112-09-17 20:30:00,2196-02-26 14:21:00,0.0,100.0
51046,"Albumin, Pleural",Pleural,Chemistry,6,6,6,0,0,2116-12-27 16:27:00,2156-04-21 10:42:00,0.0,0.0
50814,Methemoglobin,Blood,Blood Gas,6,0,6,0,0,2119-10-26 06:25:00,2196-02-24 12:40:00,0.0,0.0
51123,Other,Ascites,Hematology,6,3,4,3,0,2142-04-01 09:55:00,2180-08-06 00:30:00,50.0,0.0
51076,"Bicarbonate, Urine",Urine,Chemistry,6,6,6,0,5,2116-06-28 14:43:00,2166-08-22 11:30:00,0.0,83.33
50866,Ammonia,Blood,Chemistry,6,4,5,0,1,2116-12-19 14:40:00,2174-12-04 22:02:00,0.0,16.67
51564,ARCH-1,Blood,Chemistry,6,4,6,0,0,2115-11-09 13:30:00,2191-09-18 16:20:00,0.0,0.0
50872,Anti-Neutrophil Cytoplasmic Antibody,Blood,Chemistry,6,3,6,0,6,2113-10-16 09:05:00,2174-12-04 22:02:00,0.0,100.0
50836,"Amylase, Ascites",Ascites,Chemistry,5,4,4,0,0,2116-12-11 15:30:00,2149-09-17 12:51:00,0.0,0.0
52024,"Creatinine, Whole Blood",Blood,Blood Gas,5,0,3,4,0,2150-02-04 15:23:00,2194-11-14 16:08:00,80.0,0.0
50876,Anti-Smooth Muscle Antibody,Blood,Chemistry,5,4,5,0,5,2113-08-28 07:07:00,2148-07-09 12:40:00,0.0,100.0
51469,Calcium Oxalate Crystals,Urine,Hematology,5,2,4,2,5,2149-09-13 01:12:00,2181-08-23 16:19:00,40.0,100.0
51513,Urine Specimen Type,Urine,Hematology,5,0,1,0,5,2155-06-07 11:26:00,2155-11-23 09:33:00,0.0,100.0
51095,"Phosphate, Urine",Urine,Chemistry,5,5,5,0,1,2116-12-17 09:04:00,2185-11-05 05:41:00,0.0,20.0
51735,STX4,Blood,Chemistry,5,2,4,0,0,2135-11-06 23:18:00,2199-02-17 15:20:00,0.0,0.0
51722,RFXLDLM,Blood,Chemistry,5,1,2,0,5,2116-03-01 07:33:00,2151-01-15 13:10:00,0.0,100.0
50871,Anti-Mitochondrial Antibody,Blood,Chemistry,5,4,5,0,5,2113-08-28 07:07:00,2148-07-09 12:40:00,0.0,100.0
51444,Eosinophils,Pleural,Hematology,5,4,5,5,0,2116-12-27 16:27:00,2174-07-20 10:17:00,100.0,0.0
51150,Blood Parasite Smear,Blood,Hematology,5,3,3,0,5,2115-11-09 13:30:00,2155-07-13 02:32:00,0.0,100.0
50890,C3,Blood,Chemistry,5,3,5,1,0,2113-11-20 12:00:00,2174-12-04 22:02:00,20.0,0.0
51198,Envelope Cells,Blood,Hematology,5,1,2,3,5,2112-11-19 06:15:00,2148-09-14 11:40:00,60.0,100.0
51234,Immunophenotyping,Blood,Hematology,5,2,4,0,5,2112-11-15 09:00:00,2176-11-28 18:40:00,0.0,100.0
50891,C4,Blood,Chemistry,5,3,5,1,0,2113-11-20 12:00:00,2174-12-04 22:02:00,20.0,0.0
51654,HIV 1 Viral Load,Blood,Chemistry,5,0,1,5,0,2199-06-30 11:40:00,2201-08-12 10:40:00,100.0,0.0
52014,Voided Specimen,Urine,Chemistry,4,1,2,0,4,2146-09-28 12:51:00,2175-07-13 21:18:00,0.0,100.0
51305,CD117,Bone Marrow,Hematology,4,1,1,0,4,2112-09-18 10:32:00,2113-12-02 16:00:00,0.0,100.0
51307,CD13,Bone Marrow,Hematology,4,1,1,0,4,2112-09-18 10:32:00,2113-12-02 16:00:00,0.0,100.0
51310,CD15,Bone Marrow,Hematology,4,1,1,0,4,2112-09-18 10:32:00,2113-12-02 16:00:00,0.0,100.0
51321,CD34,Bone Marrow,Hematology,4,1,1,0,4,2112-09-18 10:32:00,2113-12-02 16:00:00,0.0,100.0
51325,CD45,Bone Marrow,Hematology,4,1,1,0,4,2112-09-18 10:32:00,2113-12-02 16:00:00,0.0,100.0
51051,"Cholesterol, Pleural",Pleural,Chemistry,4,4,4,0,0,2125-03-20 13:50:00,2148-03-09 09:53:00,0.0,0.0
51736,STX5,Blood,Chemistry,4,1,3,0,0,2135-11-06 23:18:00,2199-02-17 15:20:00,0.0,0.0
50927,Gamma Glutamyltransferase,Blood,Chemistry,4,2,4,4,0,2112-11-14 04:26:00,2200-10-07 16:30:00,100.0,0.0
51419,Eosinophils,Other Body Fluid,Hematology,4,3,3,4,0,2131-05-26 08:42:00,2179-04-03 08:52:00,100.0,0.0
52036,Voided Specimen,Blood,Blood Gas,4,3,3,0,4,2131-02-27 14:25:00,2140-10-04 19:02:00,0.0,100.0
51651,Hepatitis C Viral Load,Blood,Chemistry,4,0,1,2,2,2199-06-30 11:40:00,2201-08-12 10:40:00,50.0,50.0
51098,"Prot. Electrophoresis, Urine",Urine,Chemistry,4,4,4,0,4,2117-04-11 22:57:00,2177-07-15 14:09:00,0.0,100.0
51114,Eosinophils,Ascites,Hematology,4,3,3,4,0,2142-03-28 13:45:00,2180-05-07 10:11:00,100.0,0.0
51089,Marijuana,Urine,Chemistry,4,1,2,0,4,2148-08-27 01:23:00,2180-06-22 11:15:00,0.0,100.0
52266,Macrophage,Cerebrospinal Fluid,Hematology,4,2,3,0,0,2166-08-22 09:52:00,2201-11-11 13:35:00,0.0,0.0
50877,Anti-Thyroglobulin Antibodies,Blood,Chemistry,3,2,3,0,2,2113-11-20 12:00:00,2185-11-04 06:22:00,0.0,66.67
51108,Urine Volume,Urine,Chemistry,3,0,1,0,0,2111-07-25 08:00:00,2113-12-23 22:57:00,0.0,0.0
51124,Plasma,Ascites,Hematology,3,2,2,3,0,2115-09-30 15:38:00,2149-09-17 12:51:00,100.0,0.0
51460,"Blood, Occult",Stool,Hematology,3,3,3,0,3,2134-08-09 15:18:00,2174-12-17 03:40:00,0.0,100.0
51424,Immunophenotyping,Other Body Fluid,Hematology,3,3,3,0,3,2131-05-22 22:06:00,2143-02-22 14:27:00,0.0,100.0
51411,CD45,Other Body Fluid,Hematology,3,2,2,0,3,2112-12-10 16:10:00,2143-02-22 14:27:00,0.0,100.0
51398,CD19,Other Body Fluid,Hematology,3,2,2,0,1,2112-12-10 16:10:00,2143-02-22 14:27:00,0.0,33.33
50899,Carbamazepine,Blood,Chemistry,3,0,1,0,0,2200-01-21 11:12:00,2200-12-07 10:45:00,0.0,0.0
51749,Treponema pallidum (syphilis) value,Blood,Chemistry,3,1,2,0,0,2135-01-21 13:46:00,2201-08-12 10:40:00,0.0,0.0
51972,Chlamydia trachomatis,Urine,Chemistry,3,0,2,0,3,2140-09-05 19:07:00,2201-03-01 09:29:00,0.0,100.0
51110,Atypical Lymphocytes,Ascites,Hematology,3,2,2,3,0,2146-06-06 10:08:00,2146-07-05 13:00:00,100.0,0.0
52026,Estimated GFR (MDRD equation),Blood,Blood Gas,3,0,3,0,3,2150-02-04 15:23:00,2194-11-14 16:08:00,0.0,100.0
51088,"Magnesium, Urine",Urine,Chemistry,3,3,3,0,0,2116-12-17 09:04:00,2174-12-15 17:50:00,0.0,0.0
51748,Treponema pallidum (Syphilis) Ab,Blood,Chemistry,3,1,2,0,3,2135-01-21 13:46:00,2201-08-12 10:40:00,0.0,100.0
51598,Cytomegalovirus Viral Load,Blood,Chemistry,3,2,2,0,3,2115-11-19 13:36:00,2147-06-15 14:35:00,0.0,100.0
51094,pH,Urine,Chemistry,3,0,1,0,0,2111-07-25 08:00:00,2113-12-23 22:57:00,0.0,0.0
52369,"Total Nucleated Cells, Other",Other Body Fluid,Hematology,3,2,3,3,0,2113-08-04 13:57:00,2148-07-07 22:00:00,100.0,0.0
51986,Neisseria gonorrhoeae,Urine,Chemistry,3,0,2,0,3,2140-09-05 19:07:00,2201-03-01 09:29:00,0.0,100.0
52018,PAN1,Urine,Chemistry,3,0,2,0,0,2140-09-05 19:07:00,2201-03-01 09:29:00,0.0,0.0
50838,"Bilirubin, Total, Ascites",Ascites,Chemistry,3,3,3,0,1,2116-12-11 15:30:00,2149-09-17 12:51:00,0.0,33.33
51261,Pappenheimer Bodies,Blood,Hematology,3,1,3,1,3,2116-02-18 15:00:00,2155-06-11 10:30:00,33.33,100.0
50991,Thyroglobulin,Blood,Chemistry,2,2,2,0,2,2176-12-02 07:30:00,2185-11-04 06:22:00,0.0,100.0
51218,Granulocyte Count,Blood,Hematology,2,1,1,2,0,2112-11-02 12:10:00,2112-12-18 00:00:00,100.0,0.0
51373,"Joint Crystals, Number",Joint Fluid,Hematology,2,1,2,0,2,2142-08-23 21:50:00,2191-01-22 10:01:00,0.0,100.0
50992,Thyroid Peroxidase Antibodies,Blood,Chemistry,2,1,2,0,1,2113-11-20 12:00:00,2185-11-04 06:22:00,0.0,50.0
51379,Monocytes,Joint Fluid,Hematology,2,1,2,0,0,2142-08-23 21:50:00,2191-01-22 10:01:00,0.0,0.0
51376,Macrophage,Joint Fluid,Hematology,2,1,2,0,0,2142-08-23 21:50:00,2191-01-22 10:01:00,0.0,0.0
51375,Lymphocytes,Joint Fluid,Hematology,2,1,2,0,0,2142-08-23 21:50:00,2191-01-22 10:01:00,0.0,0.0
50997,Tobramycin,Blood,Chemistry,2,2,2,1,0,2146-07-06 16:00:00,2185-01-18 11:34:00,50.0,0.0
51213,Fibrin Degradation Products,Blood,Hematology,2,2,2,2,2,2143-03-03 18:26:00,2174-05-26 17:00:00,100.0,100.0
51243,Lupus Anticoagulant,Blood,Hematology,2,2,2,0,2,2174-12-05 14:15:00,2176-11-26 19:53:00,0.0,100.0
51056,"Miscellaneous, Pleural",Pleural,Chemistry,2,2,2,0,2,2137-08-18 16:30:00,2148-03-09 09:53:00,0.0,100.0
51195,Collagen,Blood,Hematology,2,0,2,0,2,2154-04-17 09:08:00,2170-02-17 08:00:00,0.0,100.0
51406,CD34,Other Body Fluid,Hematology,2,1,1,0,0,2112-12-10 16:10:00,2112-12-11 12:33:00,0.0,0.0
51627,Free Lambda,Blood,Chemistry,2,2,2,2,0,2137-08-09 05:17:00,2176-12-01 07:25:00,100.0,0.0
51142,Arachadonic Acid,Blood,Hematology,2,0,2,0,2,2154-04-17 09:08:00,2170-02-17 08:00:00,0.0,100.0
51503,Triple Phosphate Crystals,Urine,Hematology,2,0,1,0,2,2176-10-06 02:37:00,2177-07-11 02:45:00,0.0,100.0
51505,Uric Acid Crystals,Urine,Hematology,2,1,2,0,2,2151-01-22 20:30:00,2153-04-13 21:51:00,0.0,100.0
51660,HPE4,Blood,Chemistry,2,1,2,0,1,2148-07-09 12:40:00,2191-09-18 16:20:00,0.0,50.0
51625,Free Kappa,Blood,Chemistry,2,2,2,2,0,2137-08-09 05:17:00,2176-12-01 07:25:00,100.0,0.0
51382,Polys,Joint Fluid,Hematology,2,1,2,2,0,2142-08-23 21:50:00,2191-01-22 10:01:00,100.0,0.0
50892,CA-125,Blood,Chemistry,2,1,2,0,0,2137-09-15 10:30:00,2143-03-01 06:10:00,0.0,0.0
52012,UTX9,Urine,Chemistry,2,1,1,0,0,2148-08-27 01:23:00,2149-11-22 09:45:00,0.0,0.0
51263,Plasma Cells,Blood,Hematology,2,0,2,1,0,2116-02-16 14:00:00,2146-07-17 11:40:00,50.0,0.0
51043,"Total Protein, Body Fluid",Other Body Fluid,Chemistry,2,1,2,0,0,2113-08-04 13:57:00,2148-07-07 22:00:00,0.0,0.0
51047,"Amylase, Pleural",Pleural,Chemistry,2,2,2,0,0,2116-12-27 16:27:00,2148-03-09 09:53:00,0.0,0.0
51035,"LD, Body Fluid",Other Body Fluid,Chemistry,2,1,2,0,0,2113-08-04 13:57:00,2148-07-07 22:00:00,0.0,0.0
51034,"Glucose, Body Fluid",Other Body Fluid,Chemistry,2,1,2,0,0,2113-08-04 13:57:00,2148-07-07 22:00:00,0.0,0.0
52312,"Total Nucleated Cells, Joint",Joint Fluid,Hematology,2,1,2,2,0,2142-08-23 21:50:00,2191-01-22 10:01:00,100.0,0.0
50938,Hepatitis A Virus IgM Antibody,Blood,Chemistry,2,1,2,0,2,2140-02-13 05:44:00,2174-06-07 19:43:00,0.0,100.0
51115,"Hematocrit, Ascites",Ascites,Hematology,2,1,1,1,1,2146-07-02 14:00:00,2146-07-05 13:00:00,50.0,50.0
51077,"Calcium, Urine",Urine,Chemistry,2,2,2,0,0,2116-06-28 14:43:00,2116-12-17 09:04:00,0.0,0.0
51135,ADP,Blood,Hematology,2,0,2,0,2,2154-04-17 09:08:00,2170-02-17 08:00:00,0.0,100.0
50841,"Creatinine, Ascites",Ascites,Chemistry,2,2,2,0,0,2142-04-08 16:00:00,2149-09-17 12:51:00,0.0,0.0
51474,Eosinophils,Urine,Hematology,2,1,2,0,2,2140-11-05 16:42:00,2178-07-06 12:11:00,0.0,100.0
51404,CD3,Other Body Fluid,Hematology,2,1,1,0,0,2112-12-10 16:10:00,2112-12-11 12:33:00,0.0,0.0
51387,Basophils,Other Body Fluid,Hematology,2,1,1,2,0,2155-05-28 09:20:00,2155-05-28 09:22:00,100.0,0.0
51026,"Amylase, Body Fluid",Other Body Fluid,Chemistry,2,1,2,0,0,2136-04-13 19:56:00,2196-04-06 15:30:00,0.0,0.0
50980,Rheumatoid Factor,Blood,Chemistry,2,1,2,1,0,2131-05-23 18:29:00,2142-03-28 12:10:00,50.0,0.0
51422,"Hematocrit, Other Fluid",Other Body Fluid,Hematology,2,2,2,2,0,2131-05-22 22:06:00,2148-07-07 22:00:00,100.0,0.0
51772,PAN3,Blood,Chemistry,2,0,1,0,2,2201-03-01 09:29:00,2201-08-12 10:40:00,0.0,100.0
51112,Basophils,Ascites,Hematology,2,1,2,2,0,2146-06-22 23:30:00,2149-09-20 07:31:00,100.0,0.0
52123,"G6PD, Qualitative",Blood,Hematology,2,1,2,0,2,2148-08-29 12:05:00,2155-04-17 09:53:00,0.0,100.0
51067,24 hr Creatinine,Urine,Chemistry,2,0,1,0,0,2111-07-25 08:00:00,2111-07-25 08:00:00,0.0,0.0
51626,Free Kappa/Free Lambda Ratio,Blood,Chemistry,2,2,2,2,0,2137-08-09 05:17:00,2176-12-01 07:25:00,100.0,0.0
51453,Other,Pleural,Hematology,2,2,2,2,0,2116-12-27 16:27:00,2135-01-16 16:27:00,100.0,0.0
50881,Beta-2 Microglobulin,Blood,Chemistry,2,1,2,2,0,2140-01-27 00:04:00,2146-07-17 11:40:00,100.0,0.0
51306,CD11c,Bone Marrow,Hematology,1,1,1,0,1,2112-09-18 10:32:00,2112-09-18 10:32:00,0.0,100.0
51334,CD8,Bone Marrow,Hematology,1,1,1,0,1,2112-09-18 10:32:00,2112-09-18 10:32:00,0.0,100.0
51336,Glyco A,Bone Marrow,Hematology,1,1,1,0,1,2112-09-18 10:32:00,2112-09-18 10:32:00,0.0,100.0
51337,HLA-DR,Bone Marrow,Hematology,1,1,1,0,1,2112-09-18 10:32:00,2112-09-18 10:32:00,0.0,100.0
51340,Kappa,Bone Marrow,Hematology,1,1,1,0,1,2112-09-18 10:32:00,2112-09-18 10:32:00,0.0,100.0
51341,Lambda,Bone Marrow,Hematology,1,1,1,0,1,2112-09-18 10:32:00,2112-09-18 10:32:00,0.0,100.0
51332,CD7,Bone Marrow,Hematology,1,1,1,0,1,2112-09-18 10:32:00,2112-09-18 10:32:00,0.0,100.0
51333,CD71,Bone Marrow,Hematology,1,1,1,0,1,2112-09-18 10:32:00,2112-09-18 10:32:00,0.0,100.0
51331,CD64,Bone Marrow,Hematology,1,1,1,0,1,2112-09-18 10:32:00,2112-09-18 10:32:00,0.0,100.0
51319,CD3,Bone Marrow,Hematology,1,1,1,0,1,2112-09-18 10:32:00,2112-09-18 10:32:00,0.0,100.0
51323,CD4,Bone Marrow,Hematology,1,1,1,0,1,2112-09-18 10:32:00,2112-09-18 10:32:00,0.0,100.0
51324,CD41,Bone Marrow,Hematology,1,1,1,0,1,2112-09-18 10:32:00,2112-09-18 10:32:00,0.0,100.0
51326,CD5,Bone Marrow,Hematology,1,1,1,0,1,2112-09-18 10:32:00,2112-09-18 10:32:00,0.0,100.0
51328,CD56,Bone Marrow,Hematology,1,1,1,0,1,2112-09-18 10:32:00,2112-09-18 10:32:00,0.0,100.0
51224,Hemoglobin C,Blood,Hematology,1,1,1,0,0,2112-09-18 03:15:00,2112-09-18 03:15:00,0.0,0.0
51217,Glyco A,Blood,Hematology,1,1,1,0,1,2112-11-15 09:00:00,2112-11-15 09:00:00,0.0,100.0
51228,Heparin,Blood,Hematology,1,1,1,1,0,2148-09-01 14:05:00,2148-09-01 14:05:00,100.0,0.0
51229,"Heparin, LMW",Blood,Hematology,1,1,1,0,0,2148-08-29 12:05:00,2148-08-29 12:05:00,0.0,0.0
51231,Howell-Jolly Bodies,Blood,Hematology,1,0,1,0,1,2153-04-12 15:40:00,2153-04-12 15:40:00,0.0,100.0
51230,HLA-DR,Blood,Hematology,1,1,1,0,1,2112-11-15 09:00:00,2112-11-15 09:00:00,0.0,100.0
51238,Kappa,Blood,Hematology,1,1,1,0,1,2112-11-15 09:00:00,2112-11-15 09:00:00,0.0,100.0
51239,Lambda,Blood,Hematology,1,1,1,0,1,2112-11-15 09:00:00,2112-11-15 09:00:00,0.0,100.0
50840,"Cholesterol, Ascites",Ascites,Chemistry,1,1,1,0,0,2149-02-13 13:55:00,2149-02-13 13:55:00,0.0,0.0
52195,Voided Specimen,Blood,Hematology,1,1,1,0,1,2135-01-23 09:46:00,2135-01-23 09:46:00,0.0,100.0
51980,Fentanyl,Urine,Chemistry,1,0,1,0,1,2151-01-15 13:10:00,2151-01-15 13:10:00,0.0,100.0
52955,CD10,Bone Marrow,Hematology,1,1,1,0,1,2112-09-18 10:32:00,2112-09-18 10:32:00,0.0,100.0
51028,"Bilirubin, Total, Body Fluid",Other Body Fluid,Chemistry,1,1,1,0,0,2116-12-26 14:35:00,2116-12-26 14:35:00,0.0,0.0
51038,"Miscellaneous, Body Fluid",Other Body Fluid,Chemistry,1,1,1,0,1,2136-04-13 19:56:00,2136-04-13 19:56:00,0.0,100.0
51044,Triglycer,Other Body Fluid,Chemistry,1,1,1,0,0,2116-12-13 17:24:00,2116-12-13 17:24:00,0.0,0.0
51052,"Creatinine, Pleural",Pleural,Chemistry,1,1,1,0,0,2148-03-09 09:53:00,2148-03-09 09:53:00,0.0,0.0
52220,wbcp,Blood,Hematology,1,0,1,0,0,2200-01-21 11:12:00,2200-01-21 11:12:00,0.0,0.0
51309,CD14,Bone Marrow,Hematology,1,1,1,0,1,2112-09-18 10:32:00,2112-09-18 10:32:00,0.0,100.0
51313,CD19,Bone Marrow,Hematology,1,1,1,0,1,2112-09-18 10:32:00,2112-09-18 10:32:00,0.0,100.0
51315,CD20,Bone Marrow,Hematology,1,1,1,0,1,2112-09-18 10:32:00,2112-09-18 10:32:00,0.0,100.0
51314,CD2,Bone Marrow,Hematology,1,1,1,0,1,2112-09-18 10:32:00,2112-09-18 10:32:00,0.0,100.0
51320,CD33,Bone Marrow,Hematology,1,1,1,0,1,2112-09-18 10:32:00,2112-09-18 10:32:00,0.0,100.0
51226,Hemogloblin A,Blood,Hematology,1,1,1,0,0,2112-09-18 03:15:00,2112-09-18 03:15:00,0.0,0.0
51227,Hemogloblin S,Blood,Hematology,1,1,1,0,0,2112-09-18 03:15:00,2112-09-18 03:15:00,0.0,0.0
50896,Calculated Thyroxine (T4) Index,Blood,Chemistry,1,0,1,0,0,2113-11-20 08:12:00,2113-11-20 08:12:00,0.0,0.0
50895,Calculated TBG,Blood,Chemistry,1,0,1,0,0,2113-11-20 08:12:00,2113-11-20 08:12:00,0.0,0.0
51247,MacroOvalocytes,Blood,Hematology,1,0,1,0,1,2152-11-23 15:51:00,2152-11-23 15:51:00,0.0,100.0
50996,"Tissue Transglutaminase Ab, IgA",Blood,Chemistry,1,0,1,0,0,2182-12-11 11:57:00,2182-12-11 11:57:00,0.0,0.0
51005,Uptake Ratio,Blood,Chemistry,1,0,1,0,0,2113-11-20 08:12:00,2113-11-20 08:12:00,0.0,0.0
51271,"Protein C, Functional",Blood,Hematology,1,0,1,0,0,2144-12-10 11:45:00,2144-12-10 11:45:00,0.0,0.0
51276,Quantitative G6PD,Blood,Hematology,1,1,1,0,0,2112-09-18 03:15:00,2112-09-18 03:15:00,0.0,0.0
51297,Thrombin,Blood,Hematology,1,1,1,1,0,2176-11-26 19:53:00,2176-11-26 19:53:00,100.0,0.0
51386,Bands,Other Body Fluid,Hematology,1,1,1,1,0,2148-07-07 22:00:00,2148-07-07 22:00:00,100.0,0.0
51383,"RBC, Joint Fluid",Joint Fluid,Hematology,1,1,1,1,0,2191-01-22 10:01:00,2191-01-22 10:01:00,100.0,0.0
51369,"Hematocrit, Joint Fluid",Joint Fluid,Hematology,1,0,1,1,0,2142-08-23 21:50:00,2142-08-23 21:50:00,100.0,0.0
51138,Anticardiolipin Antibody IgG,Blood,Hematology,1,1,1,0,0,2174-12-04 22:02:00,2174-12-04 22:02:00,0.0,0.0
51168,CD20,Blood,Hematology,1,1,1,0,1,2112-11-15 09:00:00,2112-11-15 09:00:00,0.0,100.0
51497,Renal Epithelial Cells,Urine,Hematology,1,0,1,0,1,2155-06-07 11:26:00,2155-06-07 11:26:00,0.0,100.0
51489,NonSquamous Epithelial Cell,Urine,Hematology,1,0,1,0,1,2147-08-25 13:37:00,2147-08-25 13:37:00,0.0,100.0
51159,CD15,Blood,Hematology,1,1,1,0,1,2112-11-15 09:00:00,2112-11-15 09:00:00,0.0,100.0
50918,Double Stranded DNA,Blood,Chemistry,1,1,1,0,1,2185-11-04 06:22:00,2185-11-04 06:22:00,0.0,100.0
51438,"RBC, Other Fluid",Other Body Fluid,Hematology,1,0,1,1,0,2113-08-04 13:57:00,2113-08-04 13:57:00,100.0,0.0
51149,Bleeding Time,Blood,Hematology,1,0,1,1,0,2142-11-25 13:10:00,2142-11-25 13:10:00,100.0,0.0
51152,CD10,Blood,Hematology,1,1,1,0,1,2112-11-15 09:00:00,2112-11-15 09:00:00,0.0,100.0
51154,CD117,Blood,Hematology,1,1,1,0,1,2112-11-15 09:00:00,2112-11-15 09:00:00,0.0,100.0
51155,CD11c,Blood,Hematology,1,1,1,0,1,2112-11-15 09:00:00,2112-11-15 09:00:00,0.0,100.0
51156,CD13,Blood,Hematology,1,1,1,0,1,2112-11-15 09:00:00,2112-11-15 09:00:00,0.0,100.0
51158,CD14,Blood,Hematology,1,1,1,0,1,2112-11-15 09:00:00,2112-11-15 09:00:00,0.0,100.0
50874,"Anti-Nuclear Antibody, Titer",Blood,Chemistry,1,0,1,0,1,2142-03-28 12:10:00,2142-03-28 12:10:00,0.0,100.0
51192,CD7,Blood,Hematology,1,1,1,0,1,2112-11-15 09:00:00,2112-11-15 09:00:00,0.0,100.0
51191,CD64,Blood,Hematology,1,1,1,0,1,2112-11-15 09:00:00,2112-11-15 09:00:00,0.0,100.0
51188,CD56,Blood,Hematology,1,1,1,0,1,2112-11-15 09:00:00,2112-11-15 09:00:00,0.0,100.0
51184,CD5,Blood,Hematology,1,1,1,0,1,2112-11-15 09:00:00,2112-11-15 09:00:00,0.0,100.0
51183,CD45,Blood,Hematology,1,1,1,0,1,2112-11-15 09:00:00,2112-11-15 09:00:00,0.0,100.0
51182,CD41,Blood,Hematology,1,1,1,0,1,2112-11-15 09:00:00,2112-11-15 09:00:00,0.0,100.0
51196,D-Dimer,Blood,Hematology,1,0,1,1,0,2150-07-02 18:24:00,2150-07-02 18:24:00,100.0,0.0
51412,CD5,Other Body Fluid,Hematology,1,1,1,0,1,2143-02-22 14:27:00,2143-02-22 14:27:00,0.0,100.0
51025,"Albumin, Body Fluid",Other Body Fluid,Chemistry,1,1,1,0,0,2148-07-07 22:00:00,2148-07-07 22:00:00,0.0,0.0
51425,Kappa,Other Body Fluid,Hematology,1,1,1,0,1,2143-02-22 14:27:00,2143-02-22 14:27:00,0.0,100.0
51426,Lambda,Other Body Fluid,Hematology,1,1,1,0,1,2143-02-22 14:27:00,2143-02-22 14:27:00,0.0,100.0
50966,Phenobarbital,Blood,Chemistry,1,1,1,1,0,2129-01-05 10:00:00,2129-01-05 10:00:00,100.0,0.0
50957,Lithium,Blood,Chemistry,1,0,1,1,1,2133-03-01 21:00:00,2133-03-01 21:00:00,100.0,100.0
50973,Prolactin,Blood,Chemistry,1,1,1,0,0,2201-07-09 23:19:00,2201-07-09 23:19:00,0.0,0.0
51429,Mesothelial cells,Other Body Fluid,Hematology,1,1,1,1,0,2131-05-26 08:42:00,2131-05-26 08:42:00,100.0,0.0
51177,CD33,Blood,Hematology,1,1,1,0,1,2112-11-15 09:00:00,2112-11-15 09:00:00,0.0,100.0
51400,CD20,Other Body Fluid,Hematology,1,1,1,0,1,2143-02-22 14:27:00,2143-02-22 14:27:00,0.0,100.0
51388,CD10,Other Body Fluid,Hematology,1,1,1,0,1,2143-02-22 14:27:00,2143-02-22 14:27:00,0.0,100.0
51178,CD34,Blood,Hematology,1,1,1,0,1,2112-11-15 09:00:00,2112-11-15 09:00:00,0.0,100.0
51193,CD71,Blood,Hematology,1,1,1,0,1,2112-11-15 09:00:00,2112-11-15 09:00:00,0.0,100.0
51167,CD2,Blood,Hematology,1,1,1,0,1,2112-11-15 09:00:00,2112-11-15 09:00:00,0.0,100.0
51164,CD19,Blood,Hematology,1,1,1,0,1,2112-11-15 09:00:00,2112-11-15 09:00:00,0.0,100.0
51454,Plasma Cells,Pleural,Hematology,1,1,1,1,0,2116-12-27 16:27:00,2116-12-27 16:27:00,100.0,0.0
51109,"Urine Volume, Total",Urine,Chemistry,1,0,1,0,0,2111-07-25 08:00:00,2111-07-25 08:00:00,0.0,0.0
51106,Urine Creatinine,Urine,Chemistry,1,0,1,0,0,2111-07-25 08:00:00,2111-07-25 08:00:00,0.0,0.0
51101,Total Collection Time,Urine,Chemistry,1,0,1,0,0,2111-07-25 08:00:00,2111-07-25 08:00:00,0.0,0.0
51105,"Uric Acid, Urine",Urine,Chemistry,1,1,1,0,0,2137-08-08 17:05:00,2137-08-08 17:05:00,0.0,0.0
51510,"Urine Crystals, Other",Urine,Hematology,1,1,1,0,1,2137-08-18 11:45:00,2137-08-18 11:45:00,0.0,100.0
50869,Anti-DGP (IgA/IgG),Blood,Chemistry,1,0,1,0,0,2182-12-11 11:57:00,2182-12-11 11:57:00,0.0,0.0
51139,Anticardiolipin Antibody IgM,Blood,Hematology,1,1,1,0,0,2174-12-04 22:02:00,2174-12-04 22:02:00,0.0,0.0
51515,Waxy Casts,Urine,Hematology,1,1,1,1,0,2137-02-26 04:52:00,2137-02-26 04:52:00,100.0,0.0
52020,UTX10,Urine,Chemistry,1,0,1,0,0,2151-01-15 13:10:00,2151-01-15 13:10:00,0.0,0.0
51946,Norovirus Genogroup II,Stool,Chemistry,1,1,1,0,1,2149-02-12 20:58:00,2149-02-12 20:58:00,0.0,100.0
51945,Norovirus Genogroup I,Stool,Chemistry,1,1,1,0,1,2149-02-12 20:58:00,2149-02-12 20:58:00,0.0,100.0
51904,PAN2,Other Body Fluid,Chemistry,1,0,1,0,0,2141-06-20 19:40:00,2141-06-20 19:40:00,0.0,0.0
51899,Trichomonas vaginalis,Other Body Fluid,Chemistry,1,0,1,0,1,2141-06-20 19:40:00,2141-06-20 19:40:00,0.0,100.0
51903,PAN1,Other Body Fluid,Chemistry,1,0,1,0,0,2141-06-20 19:40:00,2141-06-20 19:40:00,0.0,0.0
51879,Neisseria gonorrhoeae,Other Body Fluid,Chemistry,1,0,1,0,1,2141-06-20 19:40:00,2141-06-20 19:40:00,0.0,100.0
51846,Chlamydia trachomatis,Other Body Fluid,Chemistry,1,0,1,0,1,2141-06-20 19:40:00,2141-06-20 19:40:00,0.0,100.0
51763,EE2,Blood,Chemistry,1,0,1,0,0,2190-10-02 12:52:00,2190-10-02 12:52:00,0.0,0.0
51839,Anat Path Hold,Other Body Fluid,Chemistry,1,1,1,0,1,2113-08-16 17:57:00,2113-08-16 17:57:00,0.0,100.0
51081,"Creatinine, Serum",Urine,Chemistry,1,0,1,0,0,2111-07-25 08:00:00,2111-07-25 08:00:00,0.0,0.0
51080,Creatinine Clearance,Urine,Chemistry,1,0,1,0,0,2111-07-25 08:00:00,2111-07-25 08:00:00,0.0,0.0
51086,"Immunofixation, Urine",Urine,Chemistry,1,1,1,0,1,2137-08-07 04:05:00,2137-08-07 04:05:00,0.0,100.0
52419,Voided Specimen,Urine,Hematology,1,0,1,0,1,2146-09-28 12:51:00,2146-09-28 12:51:00,0.0,100.0
52425,XUCU,Urine,Hematology,1,1,1,0,1,2150-04-12 13:49:00,2150-04-12 13:49:00,0.0,100.0
52427,UCU2,Urine,Hematology,1,1,1,0,1,2150-04-12 13:49:00,2150-04-12 13:49:00,0.0,100.0
